CRIM,ZN,INDUS,CHAS,NOX,RM,AGE,DIS,RAD,TAX,PTRATIO,B,LSTAT,MEDV
1.68937,50.0,26.21,0,0.589,6.947,8.4,3.7423,3,215.0,21.1,208.7,29.15,37.3
10.83644,25.0,1.54,0,0.511,6.639,50.6,1.6758,1,538.0,19.6,43.74,5.18,48.0
4.74028,75.0,19.71,0,0.74,6.788,92.9,9.1006,5,308.0,17.6,80.77,2.73,50.0
3.28659,12.5,25.7,1,0.862,6.641,13.1,2.3575,1,315.0,20.7,396.23,16.36,35.1
0.61065,0.0,5.39,0,0.51,5.831,77.1,7.8215,1,347.0,19.1,215.01,37.74,32.0
0.61055,0.0,15.95,0,0.703,6.582,42.7,4.2215,2,220.0,12.7,112.97,8.07,50.0
0.21542,75.0,25.43,0,0.481,6.84,66.5,3.0385,4,280.0,16.3,394.83,26.11,46.0
7.24043,50.0,1.39,0,0.66,6.808,28.2,5.3073,6,190.0,20.6,383.64,8.01,50.0
3.3087,0.0,19.49,0,0.61,7.112,18.4,9.9459,8,420.0,15.9,175.11,28.0,45.0
4.4325,0.0,8.57,0,0.857,6.776,18.5,5.443,3,231.0,12.9,103.59,20.04,40.1
0.07488,0.0,25.68,0,0.681,6.526,9.7,9.3885,1,545.0,19.6,332.81,26.37,43.9
12.61281,25.0,26.95,0,0.555,7.029,20.9,2.5103,3,310.0,20.1,284.12,9.08,48.3
6.43115,100.0,26.22,0,0.44,6.261,67.4,9.6305,3,681.0,14.1,272.75,28.75,36.2
0.85928,0.0,13.4,0,0.459,5.663,88.5,3.7363,5,644.0,17.7,354.51,37.81,28.9
0.72244,0.0,23.98,0,0.495,6.166,82.0,8.5813,4,339.0,14.4,273.73,25.85,41.2
0.7294,0.0,23.5,0,0.507,5.759,69.4,7.3536,4,597.0,19.4,112.87,19.61,46.2
1.30591,75.0,9.17,0,0.798,5.807,13.6,11.3506,24,608.0,15.2,275.49,35.19,25.2
2.67814,25.0,23.07,0,0.658,6.179,31.0,5.3905,7,704.0,15.6,121.6,2.3,50.0
2.03593,25.0,1.47,0,0.639,5.725,33.0,1.8578,4,500.0,20.5,301.42,28.18,37.1
1.2392,0.0,16.73,0,0.441,6.064,27.2,1.3407,3,230.0,17.1,246.1,33.94,36.1
3.40694,0.0,6.73,0,0.803,4.954,52.9,10.2254,6,526.0,18.9,31.02,3.97,50.0
0.54084,0.0,3.75,0,0.736,6.429,54.9,6.9021,3,514.0,16.4,203.7,18.04,50.0
1.24386,0.0,2.56,0,0.418,6.281,37.6,9.6577,6,521.0,15.4,136.47,9.15,50.0
1.6426,50.0,19.45,0,0.729,5.708,37.3,3.7087,24,348.0,18.5,130.62,22.26,38.0
2.19216,25.0,9.73,0,0.649,6.741,83.4,4.9259,6,637.0,14.1,239.16,25.27,43.1
5.53657,100.0,20.23,0,0.425,6.936,79.5,1.4611,4,690.0,16.1,128.15,12.7,50.0
0.80185,100.0,2.24,1,0.608,5.155,32.8,11.7064,5,301.0,14.6,308.42,18.4,42.1
2.5993,0.0,9.06,0,0.621,5.746,91.6,8.4765,6,233.0,19.1,28.39,11.85,45.7
3.23102,25.0,15.18,0,0.466,5.742,95.4,11.3953,3,289.0,21.5,262.22,15.12,36.2
0.17123,75.0,22.03,0,0.845,5.622,34.6,4.0505,8,617.0,22.0,321.23,7.51,50.0
3.3672,25.0,9.16,0,0.798,6.861,37.3,7.8561,4,542.0,16.8,267.15,33.82,35.9
0.67306,0.0,17.53,0,0.71,6.144,52.0,8.5935,8,520.0,15.0,197.51,2.09,50.0
0.24215,0.0,24.63,1,0.61,6.095,94.3,4.623,3,398.0,16.8,377.19,33.71,35.5
10.70528,0.0,17.26,0,0.585,4.877,88.0,10.4592,7,490.0,20.6,119.27,22.45,28.9
12.13427,75.0,6.82,0,0.701,6.725,12.9,11.5488,24,348.0,14.5,7.92,13.75,43.5
5.94839,0.0,1.13,0,0.65,5.413,41.0,10.8634,4,437.0,21.5,171.64,27.93,35.4
1.30784,0.0,24.2,0,0.415,6.322,56.6,9.2597,8,603.0,15.8,13.41,20.13,43.6
0.37,0.0,1.04,0,0.634,6.474,51.8,4.1821,3,701.0,21.9,378.63,19.82,39.8
4.1499,0.0,24.32,0,0.777,7.232,21.7,4.2278,7,676.0,20.5,83.57,5.72,50.0
2.08833,0.0,14.89,0,0.608,5.364,86.3,11.727,3,676.0,20.2,313.19,15.85,42.0
0.46855,0.0,26.08,0,0.41,4.166,68.6,1.2431,7,398.0,15.6,307.5,10.47,50.0
2.46077,0.0,22.25,0,0.767,6.409,84.3,9.0065,6,433.0,12.7,86.67,2.3,50.0
0.12598,0.0,27.68,0,0.483,7.54,86.3,8.8987,2,557.0,16.2,246.69,14.78,50.0
8.64152,25.0,10.03,0,0.511,7.147,75.6,7.9796,3,670.0,15.4,19.39,4.99,50.0
1.07805,0.0,21.39,0,0.465,6.427,45.5,12.0212,6,261.0,13.0,192.1,11.04,50.0
3.91052,50.0,11.42,0,0.545,5.936,62.2,4.5607,4,346.0,17.4,6.13,5.08,48.7
1.34477,0.0,13.55,0,0.753,6.845,18.5,4.8697,6,260.0,16.4,365.63,5.39,50.0
2.6428,0.0,17.58,0,0.637,5.599,68.3,1.9983,1,508.0,18.6,387.42,8.94,50.0
2.84841,50.0,24.29,0,0.485,6.613,20.3,6.0008,1,348.0,18.4,88.47,37.96,28.3
0.7358,0.0,27.31,0,0.812,6.634,70.3,4.0015,3,358.0,13.7,82.85,1.81,50.0
12.57411,0.0,21.42,0,0.812,7.022,25.2,4.9073,8,224.0,21.8,299.23,24.88,30.4
5.37208,0.0,11.86,0,0.808,8.212,14.3,10.3103,8,370.0,14.4,100.81,6.85,50.0
10.09834,25.0,11.95,0,0.501,6.555,18.9,11.4203,4,639.0,16.8,355.29,35.09,19.0
8.10775,0.0,20.58,0,0.604,5.924,3.1,3.1731,6,309.0,17.2,227.93,5.12,50.0
3.2798,12.5,6.97,0,0.864,6.262,72.7,5.2276,8,551.0,20.2,139.43,36.34,23.6
9.17797,0.0,3.47,0,0.76,5.042,74.0,11.3449,7,517.0,13.5,330.55,23.87,29.7
0.33356,0.0,10.13,0,0.398,5.794,52.9,1.8099,7,639.0,16.6,196.0,1.78,50.0
0.78528,0.0,8.3,0,0.417,5.994,18.6,2.146,4,256.0,18.5,361.86,34.13,37.7
0.16662,0.0,8.54,0,0.61,5.913,11.0,2.9207,24,699.0,14.6,368.35,20.64,50.0
1.41672,0.0,6.83,0,0.827,6.387,4.8,7.6773,6,492.0,18.5,65.92,11.25,44.5
1.77167,0.0,1.61,0,0.647,5.704,19.0,2.7852,3,709.0,21.3,1.24,29.54,37.8
1.13962,0.0,0.95,0,0.627,7.065,89.4,11.7788,5,665.0,22.0,390.53,35.31,34.9
6.35241,50.0,27.41,0,0.436,6.28,26.4,6.0439,5,303.0,12.9,359.68,19.26,46.3
1.58842,0.0,12.13,0,0.704,6.273,37.3,6.6467,5,216.0,14.8,22.31,13.17,47.4
1.18729,0.0,10.94,0,0.785,6.05,13.1,3.8432,8,321.0,15.5,330.68,30.32,32.6
2.81667,25.0,19.0,0,0.57,6.389,24.5,6.3106,24,463.0,16.4,181.88,26.44,44.1
0.54683,0.0,6.41,1,0.762,6.858,53.3,8.411,24,277.0,14.9,103.02,33.94,29.6
5.83374,0.0,26.37,0,0.854,5.673,61.9,9.3929,6,275.0,14.5,348.81,26.83,30.1
0.27891,50.0,21.91,0,0.484,5.819,26.7,9.4225,6,429.0,21.6,78.31,10.56,50.0
15.60293,75.0,2.9,0,0.639,6.067,8.5,7.4868,24,204.0,21.2,376.0,35.49,26.1
5.32614,0.0,11.85,0,0.525,5.338,40.9,11.078,4,251.0,13.0,81.87,5.53,48.0
0.79754,50.0,24.44,0,0.77,5.707,25.6,10.1215,6,405.0,15.8,243.69,11.44,46.3
0.01993,0.0,26.23,0,0.666,5.947,24.2,9.4575,4,220.0,16.4,88.79,20.58,45.3
6.08363,0.0,13.21,1,0.693,6.892,96.1,1.7417,1,395.0,14.8,216.72,22.23,44.6
4.41755,0.0,17.19,0,0.773,6.464,62.7,1.2057,7,435.0,18.5,271.57,2.28,50.0
4.70039,100.0,5.02,0,0.577,6.416,57.0,3.4669,6,423.0,18.6,75.76,30.02,36.6
5.31077,0.0,27.5,0,0.83,6.876,43.3,8.4288,24,642.0,20.6,206.89,14.83,46.6
0.27695,0.0,6.78,0,0.644,6.184,44.6,5.6532,7,465.0,19.6,186.34,16.46,47.3
1.59801,0.0,26.18,0,0.462,6.553,55.4,5.5565,7,432.0,17.7,28.49,31.06,44.6
0.44334,0.0,18.18,0,0.723,6.208,70.5,10.8605,2,402.0,18.7,324.84,15.48,44.1
7.15871,0.0,17.04,0,0.771,6.466,71.1,10.9812,24,615.0,15.2,133.44,3.44,50.0
3.51468,0.0,14.45,0,0.539,5.872,19.6,11.1309,24,656.0,18.2,228.19,8.12,47.6
1.44655,0.0,6.75,0,0.802,4.573,51.5,4.5827,6,634.0,17.2,204.47,36.37,16.4
0.23641,0.0,5.28,0,0.825,6.186,42.9,8.7316,3,540.0,13.9,203.87,4.28,50.0
1.34096,0.0,6.47,0,0.52,7.276,87.4,4.118,1,259.0,14.9,42.84,14.59,50.0
1.41593,0.0,5.55,0,0.863,6.928,64.2,3.2267,4,332.0,15.3,168.26,19.97,43.3
4.70835,0.0,21.73,0,0.453,6.956,54.6,3.161,3,211.0,21.3,179.72,19.61,50.0
3.6536,0.0,10.01,0,0.483,7.145,14.1,4.8932,1,675.0,14.8,291.27,1.87,50.0
7.85611,50.0,2.04,0,0.475,6.342,61.7,5.8595,3,533.0,15.3,333.45,19.89,50.0
2.30064,0.0,26.9,0,0.819,6.418,14.3,10.2704,4,578.0,16.1,216.45,15.64,50.0
0.45854,0.0,24.57,0,0.703,5.848,35.6,2.4488,8,350.0,18.8,34.74,36.96,37.0
4.49685,0.0,25.77,0,0.459,6.059,16.8,9.2142,24,630.0,13.7,94.25,7.5,50.0
5.14941,0.0,27.6,0,0.599,6.711,70.1,6.976,3,323.0,21.6,65.73,14.56,43.5
2.96599,0.0,5.2,0,0.684,7.123,22.9,4.2974,6,188.0,20.7,49.74,16.93,43.0
5.306,0.0,11.27,0,0.426,6.182,40.9,6.551,5,384.0,18.0,145.43,15.89,50.0
2.45093,0.0,21.14,0,0.814,5.965,89.9,4.4294,6,486.0,18.9,91.29,25.86,34.3
2.66284,0.0,19.45,0,0.776,6.28,22.7,7.6869,4,438.0,12.8,86.89,9.54,50.0
2.00813,0.0,4.66,0,0.631,6.701,52.2,5.9023,6,639.0,15.8,22.01,9.74,50.0
0.09269,0.0,22.72,1,0.855,5.269,43.6,2.9385,7,242.0,20.1,7.33,28.16,27.9
0.411,0.0,6.58,0,0.588,4.673,4.7,2.4124,24,477.0,13.3,41.08,19.86,41.3
0.11496,0.0,6.57,0,0.863,5.895,79.9,7.1437,7,456.0,15.3,68.61,16.78,38.3
3.64223,0.0,15.11,0,0.71,5.426,9.6,11.0565,6,334.0,18.1,171.24,7.86,48.5
1.35863,0.0,16.64,0,0.693,5.924,49.0,4.9135,1,618.0,15.0,202.78,8.53,50.0
2.55757,0.0,16.28,0,0.466,6.177,57.3,9.193,2,581.0,21.4,56.08,2.11,49.8
8.57256,0.0,2.96,0,0.814,5.963,63.9,8.3753,1,571.0,13.8,168.78,5.04,43.0
1.03226,25.0,24.4,1,0.593,7.297,69.8,11.3771,24,646.0,20.1,135.85,21.91,48.9
1.90182,0.0,7.71,0,0.464,6.509,27.5,10.1608,24,566.0,17.4,73.06,34.05,41.1
5.0715,0.0,3.99,0,0.391,6.49,3.9,7.3627,7,308.0,19.7,3.03,12.14,50.0
0.9353,50.0,24.71,0,0.657,6.716,73.1,8.3573,2,557.0,15.5,185.53,13.61,43.0
0.28838,50.0,26.53,0,0.641,5.483,54.9,11.0123,6,348.0,17.4,272.24,5.92,50.0
1.23171,0.0,23.98,0,0.735,7.007,84.1,5.5247,4,314.0,20.7,90.06,15.81,44.3
0.63291,0.0,22.54,0,0.818,6.227,82.7,4.7247,1,225.0,17.0,52.59,3.08,50.0
9.55782,25.0,18.34,0,0.424,6.749,84.8,1.2489,1,577.0,16.0,352.1,34.98,34.3
5.94319,12.5,15.49,0,0.741,5.53,50.0,10.2221,5,560.0,17.6,109.39,26.12,29.2
3.61258,0.0,2.83,0,0.476,5.192,35.3,9.9408,2,310.0,19.3,89.0,37.63,22.4
7.38547,0.0,11.6,0,0.802,6.853,79.8,2.279,4,580.0,16.8,340.23,33.72,26.2
5.86069,0.0,10.63,0,0.783,6.543,46.7,7.4754,1,668.0,21.4,324.37,18.87,47.4
0.74338,0.0,7.55,0,0.648,5.649,20.7,6.2338,4,244.0,15.4,178.13,20.56,46.1
8.03093,0.0,20.19,0,0.73,5.671,85.9,2.4358,6,309.0,17.1,194.34,8.64,48.0
2.79036,0.0,13.99,0,0.538,7.068,88.6,11.9163,4,580.0,19.7,86.67,18.47,39.4
5.93045,0.0,2.67,1,0.614,5.447,48.2,3.4917,1,331.0,19.1,31.37,34.46,28.6
8.15127,12.5,6.47,0,0.784,7.43,10.3,1.8696,7,514.0,20.7,227.73,3.57,50.0
1.37783,0.0,19.1,0,0.608,5.65,40.6,7.6733,2,230.0,22.0,39.32,33.03,24.7
0.41973,0.0,2.54,0,0.559,6.727,80.9,9.2575,24,424.0,16.6,178.49,14.09,50.0
0.93127,12.5,23.68,0,0.625,6.05,90.5,1.4869,3,574.0,13.6,373.3,34.33,37.0
2.00541,50.0,13.97,0,0.788,6.702,22.7,8.3759,8,547.0,12.9,378.2,35.83,33.7
6.13379,0.0,13.57,0,0.548,5.899,9.4,6.9852,8,614.0,19.4,95.23,26.04,32.9
7.09684,0.0,16.62,0,0.469,6.166,88.1,2.2659,3,647.0,20.8,247.83,25.81,37.2
0.02512,0.0,22.96,0,0.731,6.309,40.7,3.0278,4,592.0,14.7,188.33,18.14,48.3
2.57355,0.0,9.95,0,0.786,5.578,55.5,7.3777,2,539.0,14.1,347.6,32.01,29.6
1.94498,0.0,18.96,0,0.434,6.799,96.9,4.3899,4,204.0,13.2,107.96,36.58,41.5
0.9042,0.0,15.89,0,0.502,5.921,9.4,11.4515,24,467.0,20.3,1.79,29.82,37.3
0.45965,0.0,7.74,0,0.454,6.12,65.9,10.1361,2,207.0,15.5,64.79,24.27,46.4
1.48287,0.0,24.43,0,0.554,5.584,10.1,11.9492,3,610.0,16.4,138.93,23.72,42.7
10.30724,0.0,22.21,0,0.604,4.486,39.4,3.9864,4,355.0,17.3,125.53,32.51,18.3
1.40538,0.0,18.42,0,0.749,6.146,81.0,11.797,5,482.0,20.5,314.16,21.34,39.6
2.63323,0.0,23.66,0,0.701,7.969,45.0,5.8736,1,333.0,18.7,270.22,30.86,38.4
4.37071,0.0,24.12,1,0.687,6.829,99.7,4.9527,7,597.0,18.4,119.12,20.17,47.3
1.62711,0.0,19.78,0,0.556,6.267,57.2,1.6838,7,652.0,14.3,181.85,3.99,50.0
12.84407,50.0,23.29,0,0.794,6.096,34.1,1.7104,24,396.0,17.4,38.22,15.64,37.6
11.81524,0.0,19.49,0,0.614,6.296,24.3,8.7421,4,639.0,19.3,356.51,17.84,34.9
1.04422,0.0,19.01,0,0.861,6.663,36.9,6.1672,6,327.0,21.7,371.29,6.86,44.8
2.47557,25.0,17.34,0,0.693,5.453,39.1,3.6217,2,467.0,14.5,388.89,5.44,50.0
1.28855,0.0,20.99,0,0.446,7.06,9.6,7.8837,4,637.0,12.7,344.77,21.14,47.3
1.2069,0.0,4.79,0,0.714,6.781,38.8,3.9114,2,358.0,13.3,69.31,4.82,50.0
0.1353,0.0,24.49,0,0.543,6.783,48.0,7.4839,5,687.0,16.1,18.64,12.71,47.3
3.38577,0.0,24.24,1,0.719,6.587,73.1,5.0813,7,251.0,20.3,230.18,28.71,41.2
2.51467,12.5,1.26,0,0.419,6.294,66.7,10.1891,1,197.0,12.7,362.24,36.68,37.1
0.19026,0.0,22.99,0,0.47,6.751,71.7,10.1577,7,661.0,16.9,70.65,27.75,43.0
1.17585,0.0,3.98,1,0.801,6.694,3.7,6.3809,6,223.0,15.7,3.11,37.7,36.0
8.5999,0.0,9.6,0,0.495,6.032,24.0,4.989,6,707.0,13.1,319.76,27.04,40.6
0.9859,0.0,20.74,0,0.792,5.878,67.1,5.1182,8,686.0,16.8,30.78,12.38,44.3
0.56351,0.0,4.85,0,0.521,6.351,49.9,9.9929,8,259.0,15.0,164.39,26.09,42.2
2.42018,0.0,22.77,0,0.697,7.364,3.4,4.74,6,469.0,15.9,269.55,27.18,33.4
15.27853,0.0,23.16,0,0.722,5.413,81.0,3.4297,3,284.0,19.2,94.23,15.2,39.5
0.99772,100.0,14.3,0,0.634,5.253,77.9,2.0616,5,411.0,17.5,33.62,2.37,50.0
4.01456,0.0,0.63,0,0.533,6.395,56.2,6.2636,2,219.0,13.8,305.7,27.21,31.8
5.162,0.0,8.29,0,0.488,6.316,9.4,6.4335,5,304.0,21.6,250.23,2.52,50.0
0.9768,0.0,17.29,0,0.401,6.401,77.3,10.38,24,377.0,18.6,392.34,24.6,47.3
4.6899,0.0,27.23,0,0.533,6.451,59.6,3.5636,1,417.0,19.8,136.87,7.66,50.0
1.65068,0.0,17.7,0,0.702,6.124,78.8,5.3209,5,699.0,13.3,24.81,22.23,41.4
3.60181,0.0,7.55,0,0.841,7.323,75.9,10.0225,6,610.0,13.0,291.55,19.99,41.1
3.61382,0.0,17.76,0,0.808,5.159,80.9,10.1899,7,573.0,12.8,207.23,2.22,45.4
2.76259,0.0,15.19,1,0.757,5.7,53.2,5.3607,24,468.0,14.4,84.87,14.88,49.5
0.34066,0.0,21.73,0,0.768,6.208,16.5,6.1804,6,627.0,16.5,310.34,23.51,41.2
6.49312,50.0,3.38,0,0.708,5.13,68.1,4.4661,5,365.0,21.4,81.13,32.48,22.9
1.39252,0.0,21.22,0,0.511,6.157,63.1,11.3881,7,558.0,16.9,103.69,33.93,31.8
0.74316,0.0,15.23,0,0.826,7.443,75.0,2.4351,1,708.0,15.3,37.01,19.26,49.7
0.14987,0.0,26.73,0,0.711,6.295,19.4,11.4012,5,352.0,17.9,158.73,28.13,39.1
3.2176,100.0,9.79,0,0.657,6.441,21.8,8.6525,2,540.0,13.7,166.46,13.2,46.0
4.07467,0.0,17.72,0,0.439,5.398,89.4,6.9773,4,629.0,18.3,204.38,14.13,41.6
0.06022,0.0,25.89,0,0.602,5.849,75.7,1.4892,7,667.0,17.9,281.48,8.78,47.6
2.58347,75.0,3.26,0,0.609,6.017,91.1,6.3616,5,563.0,20.0,359.66,22.09,38.1
0.92457,50.0,26.03,0,0.805,6.058,76.6,5.6152,6,336.0,21.9,54.94,13.13,41.9
3.73005,25.0,19.23,0,0.651,7.177,60.9,2.9034,2,358.0,15.0,21.87,4.79,50.0
0.68978,0.0,2.31,0,0.57,6.67,66.4,8.3505,3,198.0,17.4,7.67,26.55,39.3
4.22717,0.0,8.67,0,0.86,5.502,89.2,11.8127,7,586.0,21.1,57.28,27.38,23.8
1.76025,0.0,19.78,0,0.439,6.453,59.1,7.3141,2,209.0,20.0,261.25,14.78,45.7
9.93724,50.0,2.3,0,0.59,6.629,64.3,8.9923,6,640.0,17.2,288.82,4.51,50.0
0.5326,0.0,16.34,0,0.405,7.078,18.1,1.883,5,249.0,21.5,312.23,17.18,44.5
1.50168,0.0,9.9,1,0.745,7.386,48.9,5.7243,1,277.0,13.1,96.97,17.76,49.2
0.4336,0.0,17.4,0,0.831,5.569,72.5,2.4099,4,437.0,21.4,121.63,25.96,27.1
9.31029,25.0,1.71,1,0.521,5.712,29.2,7.8708,2,574.0,13.1,191.92,13.16,50.0
7.554,0.0,24.24,0,0.802,5.4,22.5,11.4533,4,260.0,17.7,25.38,26.47,29.8
1.07398,0.0,27.02,0,0.527,6.116,33.4,8.4096,1,418.0,21.0,242.69,33.31,41.6
3.88355,0.0,26.89,0,0.828,6.606,26.3,1.9748,2,440.0,15.1,390.45,10.34,48.3
6.11814,0.0,20.91,0,0.751,6.971,23.8,5.0313,8,298.0,17.0,143.41,37.21,16.2
2.91648,0.0,4.01,0,0.776,6.227,44.2,7.1873,6,248.0,15.6,298.88,15.73,50.0
2.71541,0.0,21.15,0,0.394,6.056,91.1,5.5653,2,625.0,21.6,198.62,11.42,50.0
0.99676,0.0,1.13,0,0.853,6.386,52.1,10.3001,6,450.0,20.3,51.01,17.01,45.2
0.35181,0.0,1.06,0,0.738,5.695,21.1,10.0914,24,195.0,19.3,231.22,5.15,47.6
8.19044,0.0,9.29,0,0.533,7.743,10.4,7.8601,7,608.0,18.1,119.24,6.29,50.0
8.30439,0.0,13.79,0,0.788,5.155,70.5,5.238,24,701.0,20.3,13.96,16.75,35.9
3.60961,0.0,21.48,0,0.522,6.409,40.1,3.9387,5,505.0,16.3,252.12,29.36,36.7
1.49057,0.0,19.1,0,0.809,7.697,82.7,2.2946,7,451.0,16.8,340.96,34.36,28.4
1.54644,0.0,12.62,0,0.44,6.285,66.9,5.0339,7,647.0,19.5,137.05,25.82,50.0
4.66008,0.0,7.92,0,0.727,6.147,80.2,5.6749,3,686.0,16.0,155.1,5.54,50.0
8.18675,0.0,27.66,1,0.648,6.03,29.3,8.5641,7,582.0,13.2,353.68,26.08,37.2
7.85208,0.0,12.09,0,0.432,6.154,70.1,8.3698,1,420.0,13.3,322.98,24.76,45.7
5.44882,100.0,12.77,0,0.503,7.241,28.5,1.9012,24,497.0,13.7,283.86,30.93,42.4
3.69832,0.0,4.92,1,0.391,4.732,94.1,5.4779,6,554.0,20.8,98.99,31.64,27.0
0.31641,25.0,22.14,0,0.613,7.353,64.7,3.1296,5,289.0,17.0,361.29,33.19,43.4
0.63466,0.0,19.38,0,0.531,5.283,34.4,2.8549,7,421.0,19.3,61.56,16.74,47.1
8.23763,0.0,6.48,0,0.676,6.093,29.1,10.2303,5,622.0,16.3,248.88,27.02,31.1
3.35698,25.0,2.71,0,0.529,5.98,21.4,1.5911,5,530.0,15.0,11.74,11.45,50.0
0.03326,0.0,19.02,0,0.531,6.692,70.3,5.741,7,402.0,15.9,255.61,37.95,32.7
0.38519,0.0,18.32,0,0.746,5.161,24.1,2.9802,7,535.0,20.1,110.23,8.08,47.6
3.92098,0.0,7.91,0,0.408,6.604,60.7,10.8026,3,249.0,18.5,178.65,2.1,50.0
0.01827,0.0,26.4,0,0.824,7.697,28.6,7.2574,3,397.0,21.4,137.25,7.12,50.0
0.63114,50.0,4.58,1,0.799,5.326,67.2,3.6752,3,603.0,19.0,68.83,29.85,26.8
2.86451,25.0,12.25,0,0.71,6.413,82.0,6.6567,6,303.0,18.0,246.99,17.92,45.3
4.23834,75.0,26.2,0,0.673,5.817,78.4,9.1763,6,284.0,18.3,350.09,17.95,49.3
3.79959,0.0,11.91,0,0.819,6.578,76.8,11.6693,3,685.0,21.5,380.67,36.34,25.9
0.91422,12.5,17.88,0,0.475,6.293,21.1,3.5549,3,297.0,20.0,76.6,35.06,34.3
4.4835,75.0,11.31,0,0.423,5.831,11.5,10.878,8,324.0,12.8,284.82,13.01,50.0
0.97497,0.0,7.94,0,0.501,6.622,70.8,11.4073,8,695.0,17.6,263.78,9.31,50.0
1.41709,0.0,27.3,0,0.771,7.543,38.7,11.2106,7,572.0,19.1,136.5,32.48,30.3
4.94049,12.5,11.63,0,0.402,6.146,44.9,8.1196,4,554.0,19.6,7.89,34.56,29.4
3.77559,0.0,24.85,0,0.668,6.784,5.9,8.058,4,634.0,14.6,273.88,21.36,46.5
6.81104,25.0,6.73,0,0.869,5.375,28.1,5.5653,3,248.0,20.8,375.28,24.54,30.9
3.85853,0.0,6.27,0,0.801,5.61,6.2,9.4064,5,557.0,21.6,251.01,11.04,43.8
3.02416,25.0,1.31,0,0.638,6.611,88.3,6.9742,3,451.0,14.8,172.95,30.75,45.0
0.35409,0.0,18.24,0,0.416,7.319,26.5,8.5818,8,621.0,20.9,208.59,24.64,44.4
1.6503,0.0,10.51,0,0.789,6.529,57.0,5.843,7,453.0,13.5,79.49,19.98,43.1
1.10938,0.0,24.04,0,0.676,6.061,6.7,9.1765,3,512.0,13.1,297.97,3.91,48.6
1.00692,25.0,13.37,0,0.441,6.28,67.7,10.1992,24,437.0,13.8,296.34,34.92,40.6
13.00431,0.0,26.87,0,0.431,5.405,34.3,2.7408,5,438.0,13.1,58.03,24.03,32.3
1.79779,0.0,5.52,0,0.827,6.703,90.1,10.2922,24,589.0,20.5,348.51,8.71,50.0
8.0138,0.0,24.16,0,0.71,6.898,89.1,7.0733,7,516.0,13.2,107.08,23.71,43.8
3.5904,50.0,21.65,0,0.788,5.964,34.5,10.4213,7,519.0,15.2,389.86,26.28,44.1
5.70177,0.0,21.49,0,0.812,5.951,90.4,5.8743,6,423.0,13.6,152.17,20.78,40.7
2.51437,25.0,23.51,0,0.663,6.466,99.6,5.2994,2,465.0,15.4,70.87,27.75,36.4
3.09656,0.0,21.22,0,0.636,5.974,83.0,11.1957,24,578.0,13.5,139.81,22.8,42.3
2.44186,0.0,17.54,0,0.594,6.234,84.9,3.8929,6,620.0,18.9,174.89,36.08,27.2
0.78197,0.0,4.04,0,0.539,7.75,27.1,10.4163,8,552.0,13.9,27.81,3.68,50.0
4.61434,0.0,1.35,0,0.596,6.107,58.9,6.4542,1,671.0,20.6,229.63,5.58,50.0
1.18648,12.5,25.58,1,0.761,6.029,9.4,6.785,5,617.0,20.3,237.33,8.02,49.3
0.08862,0.0,17.28,0,0.678,5.827,12.1,4.5232,1,481.0,12.7,293.37,26.74,34.3
3.73309,0.0,22.19,1,0.819,6.801,99.9,7.4335,8,539.0,21.0,11.89,25.13,37.9
0.70176,50.0,13.6,0,0.6,6.153,34.6,4.7073,8,672.0,12.9,214.96,34.06,37.4
10.1559,0.0,3.66,0,0.68,5.825,75.5,1.562,1,511.0,14.9,21.3,28.29,24.3
11.07922,0.0,3.88,0,0.692,7.205,81.2,4.122,24,619.0,12.9,278.38,20.15,40.2
8.86864,50.0,19.16,0,0.673,7.274,86.2,1.2002,2,548.0,15.8,22.42,37.67,30.4
1.66423,0.0,12.2,0,0.726,5.86,99.8,11.8919,24,476.0,17.4,361.89,11.37,38.0
0.05608,0.0,5.93,0,0.5,4.973,26.3,11.7532,1,314.0,20.1,278.75,31.92,37.8
9.48788,75.0,13.87,0,0.634,6.985,6.8,5.4767,24,410.0,15.8,201.54,17.2,42.3
2.01218,0.0,2.21,0,0.436,5.801,42.8,9.1421,4,694.0,19.2,175.41,25.24,36.0
12.24303,0.0,16.34,0,0.572,6.833,15.5,4.9339,24,532.0,14.4,52.14,28.09,35.0
11.92945,0.0,7.8,0,0.622,4.901,5.1,8.512,7,483.0,19.7,115.72,24.7,29.2
6.90259,25.0,22.22,0,0.702,6.905,37.9,9.9897,6,676.0,14.8,344.93,6.82,50.0
1.25559,0.0,8.93,0,0.847,5.432,79.0,11.5443,5,494.0,13.9,359.01,17.78,43.9
1.75065,0.0,12.88,0,0.677,6.792,57.9,5.5323,24,463.0,14.3,0.62,22.08,45.8
6.85702,50.0,0.78,0,0.746,6.29,33.3,9.7463,2,585.0,14.3,235.94,32.5,26.9
1.37213,25.0,2.44,0,0.631,5.612,66.4,4.0552,2,560.0,17.4,285.58,17.81,40.7
0.66859,0.0,11.17,0,0.693,5.995,25.4,12.0237,24,288.0,20.5,245.7,35.03,23.0
2.92945,0.0,13.55,1,0.419,6.76,4.3,1.4135,3,434.0,13.3,32.71,17.69,46.1
9.90466,0.0,16.83,0,0.509,6.354,77.1,7.7688,8,435.0,19.2,86.67,21.62,41.3
4.28697,12.5,8.42,0,0.561,6.689,63.5,8.3846,24,385.0,18.8,99.6,30.59,32.8
3.0388,0.0,19.42,0,0.615,7.664,76.9,8.6985,8,458.0,20.8,330.17,22.86,50.0
0.36802,0.0,23.92,0,0.407,5.185,6.7,2.4543,4,403.0,14.9,184.02,36.53,31.0
3.43631,25.0,21.73,0,0.453,7.412,84.2,11.4538,1,291.0,16.8,193.39,25.66,40.2
16.59805,50.0,1.54,0,0.52,6.353,63.1,3.123,4,403.0,21.3,371.08,20.67,31.8
0.54331,0.0,13.57,0,0.857,5.651,57.6,7.9803,24,225.0,18.8,252.98,2.58,50.0
2.62978,25.0,3.32,0,0.546,5.349,63.6,3.5794,2,489.0,16.3,356.71,16.72,43.3
7.55499,0.0,7.06,0,0.619,6.148,86.8,4.5094,3,634.0,13.8,181.36,12.57,50.0
4.86012,25.0,27.38,0,0.48,6.925,59.9,7.141,8,567.0,15.1,59.58,28.84,39.0
4.29867,0.0,4.35,0,0.682,6.191,59.3,5.7191,6,376.0,18.1,369.11,9.28,47.3
4.36424,0.0,14.07,0,0.521,7.338,99.1,2.8925,8,233.0,19.4,182.23,9.17,50.0
1.60377,25.0,17.32,0,0.486,5.264,76.4,3.0103,7,293.0,13.8,72.35,8.6,48.5
1.25122,0.0,19.62,0,0.636,6.272,45.8,5.7296,5,473.0,18.2,120.24,6.28,50.0
5.96655,0.0,15.73,0,0.388,5.403,71.6,9.4601,24,295.0,17.8,20.47,13.0,46.2
5.98078,12.5,0.73,0,0.389,6.535,40.7,11.0076,4,472.0,17.4,186.04,33.84,38.5
7.26462,12.5,9.37,0,0.491,6.901,25.1,2.0554,6,308.0,19.1,338.65,29.81,44.3
8.80062,0.0,14.58,0,0.403,5.985,60.9,5.4541,2,632.0,20.5,370.56,28.38,33.1
2.57794,0.0,2.86,0,0.438,4.457,93.0,2.2327,2,395.0,15.6,370.17,30.63,28.6
2.50626,0.0,10.03,0,0.55,6.419,93.1,1.3125,2,316.0,21.0,49.98,11.49,50.0
5.76342,0.0,1.37,0,0.775,6.586,36.1,8.4089,7,613.0,14.1,151.83,33.89,26.2
3.77899,0.0,2.6,0,0.663,6.563,54.1,7.7569,2,367.0,14.2,11.51,6.71,50.0
4.35798,0.0,11.29,0,0.634,7.145,23.4,2.9232,2,245.0,15.1,339.46,13.92,50.0
5.71903,50.0,4.08,0,0.528,5.53,99.6,3.7019,24,486.0,13.7,142.6,22.99,34.8
7.94636,0.0,15.94,0,0.838,6.756,98.2,1.3908,7,492.0,14.8,250.61,5.46,45.3
1.48494,0.0,19.27,0,0.578,7.115,66.0,10.3144,3,562.0,13.6,283.83,28.19,37.8
1.69537,0.0,22.3,1,0.427,5.035,81.0,11.8516,3,313.0,20.3,170.79,15.76,39.6
0.35531,75.0,5.92,0,0.685,6.504,72.3,2.6201,7,420.0,13.9,121.85,30.16,40.5
3.10829,0.0,5.03,0,0.44,5.927,60.5,3.6762,5,335.0,19.6,381.91,19.59,50.0
0.13177,0.0,3.31,0,0.553,6.223,8.1,10.6825,6,229.0,13.1,382.82,8.28,50.0
2.25579,0.0,17.82,0,0.632,6.523,47.1,11.3211,8,646.0,21.5,115.1,28.36,35.4
2.81626,0.0,19.73,0,0.81,5.939,68.4,5.7459,24,569.0,19.3,190.53,10.87,47.1
1.21547,0.0,1.32,0,0.625,5.807,68.7,1.6868,1,345.0,12.7,386.13,19.52,40.3
3.21708,50.0,26.0,0,0.726,6.304,39.1,1.5633,3,501.0,19.8,2.25,4.47,50.0
0.11151,75.0,1.88,0,0.868,5.519,94.3,7.4434,7,292.0,17.4,163.98,24.12,36.2
0.13703,0.0,15.23,0,0.449,5.52,19.2,5.4518,6,653.0,19.9,40.16,25.86,41.7
6.22566,0.0,19.8,0,0.519,6.756,51.5,1.4452,7,247.0,17.5,202.24,15.45,45.6
1.60771,50.0,24.22,0,0.577,5.476,70.0,7.5458,8,189.0,18.6,10.1,36.32,27.1
0.4892,12.5,19.94,0,0.59,6.746,70.6,1.2543,6,450.0,20.0,161.69,33.41,38.1
2.65915,0.0,22.33,0,0.585,6.604,65.9,9.7911,3,493.0,16.4,87.84,27.39,45.3
5.29073,0.0,9.72,0,0.826,5.072,29.6,4.5008,2,490.0,12.6,211.82,27.59,27.0
0.87522,0.0,22.69,1,0.732,5.806,18.1,1.5728,7,216.0,20.6,395.31,10.88,50.0
3.51079,0.0,2.65,0,0.68,7.116,64.6,7.6019,1,352.0,16.2,317.8,25.53,38.4
0.32116,12.5,24.87,0,0.535,5.593,61.1,5.5045,3,449.0,17.3,335.68,8.91,50.0
0.19103,75.0,15.4,0,0.785,5.955,20.3,11.8418,4,300.0,12.7,252.25,6.95,50.0
2.72847,50.0,22.76,0,0.849,6.603,71.4,7.1162,1,644.0,17.2,16.8,37.95,29.4
2.80048,0.0,12.8,0,0.784,6.828,47.1,4.1576,5,233.0,21.9,82.33,24.28,38.8
3.65233,0.0,18.02,0,0.386,6.104,67.7,8.9338,3,442.0,15.2,367.18,17.35,50.0
4.66186,100.0,14.82,0,0.694,5.862,84.2,4.1164,2,549.0,16.3,145.51,12.17,47.0
13.40481,25.0,20.42,0,0.41,7.276,19.4,11.0767,3,324.0,19.1,41.42,23.62,39.6
2.61465,0.0,2.69,0,0.51,7.497,4.8,5.2519,8,514.0,20.3,278.88,3.53,50.0
1.40407,50.0,2.11,0,0.414,6.965,78.6,7.1786,6,622.0,16.5,119.08,5.16,50.0
5.70835,50.0,7.2,0,0.678,6.34,62.1,1.6863,7,287.0,15.5,106.94,2.92,50.0
1.13707,0.0,4.81,1,0.719,5.714,70.8,5.8173,6,668.0,21.4,396.1,19.82,34.8
2.08074,0.0,24.24,0,0.441,5.699,84.3,10.286,6,477.0,19.0,340.64,23.5,38.5
0.29414,0.0,6.44,0,0.572,6.646,80.9,9.9921,3,344.0,13.7,162.1,3.99,50.0
0.09244,0.0,27.08,1,0.607,6.573,96.2,3.5975,8,413.0,13.2,389.07,27.87,33.9
11.83457,0.0,9.65,0,0.564,7.261,54.9,3.6169,7,351.0,17.1,258.14,10.08,50.0
6.50796,25.0,5.43,0,0.444,6.735,50.3,10.1204,7,567.0,14.7,294.59,26.56,45.3
4.28631,0.0,22.0,0,0.589,5.228,41.9,11.3644,6,604.0,15.0,12.82,37.31,25.2
1.89309,0.0,18.43,0,0.75,7.016,17.8,2.179,5,623.0,20.9,48.55,26.78,46.9
0.6851,0.0,14.05,0,0.42,5.581,58.5,6.0806,8,704.0,13.4,251.39,33.74,27.7
0.61243,0.0,15.61,0,0.424,6.011,29.8,4.842,5,602.0,19.3,356.85,36.09,28.9
1.03682,50.0,20.08,0,0.557,6.455,92.4,10.7076,24,502.0,15.1,247.68,19.37,37.7
2.86845,0.0,6.69,0,0.843,7.677,59.5,2.0488,24,365.0,19.7,53.47,27.18,46.9
4.51386,0.0,27.64,0,0.71,8.457,60.5,3.4524,1,472.0,19.4,46.23,32.61,35.2
3.88581,12.5,27.05,0,0.715,6.705,37.4,9.4072,6,209.0,12.7,335.11,14.65,40.7
1.18228,0.0,18.2,0,0.561,6.152,7.9,1.6942,7,577.0,17.4,55.56,11.2,49.0
11.15317,0.0,5.9,0,0.674,6.654,6.0,6.5479,3,421.0,13.9,206.63,36.03,22.4
4.82046,0.0,19.02,0,0.39,6.901,44.0,5.9932,7,197.0,20.7,15.04,28.05,38.3
2.90963,0.0,2.43,1,0.694,6.056,11.1,4.8084,7,220.0,20.8,32.31,9.69,48.5
3.40571,0.0,1.3,0,0.829,7.537,61.8,5.4703,2,390.0,16.5,266.96,18.0,49.9
1.95854,0.0,7.49,0,0.683,6.441,88.4,6.9593,7,493.0,16.8,273.64,30.59,34.3
1.02478,0.0,13.08,0,0.81,6.628,88.6,2.905,1,430.0,15.5,135.74,21.56,42.1
1.58405,50.0,24.15,0,0.737,6.746,66.9,7.422,5,511.0,19.3,85.83,25.28,36.8
5.10545,0.0,20.3,0,0.444,6.575,23.4,9.9898,24,439.0,16.0,323.02,29.05,33.0
0.05219,0.0,20.72,0,0.824,6.867,86.7,9.4918,7,534.0,15.1,86.42,24.27,33.7
0.44417,0.0,12.07,0,0.417,5.848,88.9,2.8229,7,302.0,16.7,215.28,21.3,43.4
0.16954,0.0,9.9,0,0.645,5.889,22.0,2.7717,2,246.0,13.5,384.29,28.9,37.0
0.14969,0.0,10.58,0,0.454,5.51,74.5,4.0799,8,500.0,19.6,58.96,28.1,35.0
6.96313,0.0,27.4,0,0.391,6.588,30.7,5.1018,3,441.0,12.7,373.45,24.56,36.3
4.37847,75.0,1.55,0,0.59,6.825,80.8,5.623,8,201.0,18.7,72.85,14.77,49.6
2.31402,0.0,24.11,0,0.528,6.6,99.7,8.6067,3,386.0,14.3,225.36,16.44,50.0
0.37064,0.0,16.25,0,0.621,7.452,5.8,1.7535,7,243.0,14.8,149.83,36.9,35.9
2.43546,0.0,12.43,0,0.666,6.276,90.0,1.5114,2,465.0,18.6,382.99,5.8,50.0
2.30922,100.0,20.25,0,0.406,6.748,63.4,5.441,4,394.0,21.9,108.8,11.46,50.0
0.6847,0.0,13.74,0,0.445,5.516,97.4,8.7988,6,508.0,19.9,158.82,19.57,39.0
2.04804,0.0,24.29,0,0.657,6.009,48.1,3.2578,24,609.0,14.7,390.1,32.05,28.4
1.83001,0.0,25.03,0,0.552,6.767,85.2,8.1865,5,344.0,14.3,213.07,7.66,50.0
3.4442,12.5,11.96,0,0.739,6.874,9.0,3.9881,24,691.0,20.7,199.65,11.77,50.0
3.62921,0.0,8.01,1,0.702,6.074,35.5,10.8769,5,468.0,16.8,102.55,4.11,50.0
0.1669,50.0,16.62,1,0.796,6.23,9.4,10.9826,8,511.0,13.9,278.47,27.31,29.0
1.68978,0.0,25.35,0,0.722,5.217,97.6,4.4002,1,544.0,20.7,6.02,10.36,46.1
3.53925,0.0,6.21,0,0.594,6.03,82.2,3.6599,7,536.0,20.3,19.96,15.82,50.0
2.51798,0.0,17.45,0,0.712,6.903,85.7,5.6543,4,455.0,21.8,238.01,17.81,43.9
6.98886,0.0,17.69,0,0.519,6.683,94.0,3.7758,5,412.0,21.2,135.82,34.03,31.2
3.86991,0.0,20.46,0,0.534,6.63,11.2,8.5262,6,215.0,20.6,378.39,16.64,43.6
0.64027,0.0,4.05,0,0.768,6.315,40.3,10.2167,5,199.0,13.1,358.51,6.99,50.0
0.26346,25.0,19.99,0,0.602,6.285,9.8,8.534,1,375.0,13.6,283.36,20.73,42.6
3.70222,0.0,25.26,0,0.773,5.818,23.4,10.1979,24,362.0,17.9,324.78,36.63,29.2
0.09673,0.0,5.36,0,0.785,6.769,25.2,5.4969,2,390.0,17.6,264.97,23.75,38.3
3.17285,0.0,6.94,0,0.802,6.575,48.5,2.8495,24,260.0,16.9,50.12,37.37,29.1
10.14212,0.0,26.96,0,0.83,6.624,29.0,9.2475,2,574.0,16.3,303.92,32.21,28.1
3.08442,0.0,5.4,0,0.594,5.912,12.7,5.0952,24,636.0,16.7,83.68,3.03,50.0
1.76868,0.0,23.77,0,0.54,4.773,19.2,8.514,6,679.0,18.0,128.59,25.59,35.9
3.71098,0.0,13.89,0,0.668,7.048,17.2,4.1071,24,445.0,12.6,325.21,12.12,50.0
2.20664,50.0,7.2,0,0.565,5.945,97.4,2.0235,6,554.0,15.1,213.1,22.01,42.5
2.83973,75.0,24.21,0,0.677,5.676,76.6,12.0484,6,635.0,17.5,341.36,11.85,45.7
10.21726,0.0,12.61,0,0.728,6.765,96.9,2.8482,2,406.0,19.4,84.81,14.37,43.6
1.75654,0.0,14.5,0,0.72,6.006,45.6,12.0026,8,349.0,14.2,241.35,35.19,26.8
11.69673,0.0,10.26,0,0.567,7.022,29.9,11.8801,3,678.0,17.7,33.55,9.22,50.0
8.48727,0.0,16.64,0,0.466,6.712,80.4,9.862,7,457.0,19.3,255.35,33.41,30.3
0.78443,0.0,4.92,0,0.594,6.758,34.6,8.3837,5,448.0,16.8,302.73,2.83,50.0
0.25878,0.0,11.13,0,0.454,5.324,32.0,7.4859,3,280.0,12.9,232.29,5.02,50.0
0.38241,12.5,26.91,0,0.818,7.128,25.5,10.6571,1,244.0,16.8,105.9,32.7,41.2
0.0662,0.0,7.5,1,0.553,6.463,15.5,4.3138,8,628.0,15.4,12.75,24.58,43.9
0.35714,0.0,18.38,0,0.46,6.022,27.8,6.2745,3,509.0,21.3,47.69,28.81,41.0
4.13595,0.0,9.33,0,0.397,6.38,37.4,7.9433,2,358.0,13.8,247.11,9.32,50.0
0.26586,0.0,21.56,0,0.699,5.037,68.3,5.6531,1,287.0,18.7,370.89,21.19,35.4
1.38297,0.0,4.03,0,0.695,6.566,9.0,5.8324,4,478.0,13.1,82.23,28.45,46.9
6.70869,0.0,26.92,0,0.551,5.559,23.3,4.7631,8,493.0,16.8,291.82,24.46,33.7
0.08477,0.0,12.84,0,0.42,5.333,81.5,7.3365,3,295.0,17.8,343.94,18.82,45.0
6.06431,25.0,6.9,0,0.584,5.214,17.2,10.4863,1,633.0,15.4,206.89,36.51,31.1
1.1919,0.0,2.46,0,0.536,7.059,36.2,3.3468,4,231.0,16.9,265.74,26.23,49.3
0.4527,0.0,5.09,0,0.714,5.84,86.9,11.4088,24,374.0,14.1,323.54,34.63,30.5
4.29536,0.0,14.64,0,0.679,7.354,17.9,8.71,1,544.0,15.5,103.7,28.18,43.9
3.56904,0.0,9.65,0,0.562,5.905,10.9,10.186,2,331.0,18.4,118.06,28.38,34.3
7.5579,0.0,23.07,0,0.491,5.085,49.9,7.2481,24,621.0,15.4,0.57,4.63,48.9
4.78186,12.5,12.21,0,0.865,5.498,32.3,9.7047,2,575.0,21.1,382.26,14.76,33.6
5.85718,50.0,7.24,0,0.606,7.145,57.6,1.3082,3,600.0,18.5,364.2,32.84,37.6
1.1928,25.0,17.3,0,0.72,6.171,80.9,10.1322,7,249.0,16.7,303.53,10.16,50.0
0.7032,0.0,19.74,0,0.453,5.896,16.2,1.5715,3,261.0,13.0,31.68,5.92,50.0
4.99952,0.0,5.02,1,0.621,6.392,59.3,10.919,24,337.0,17.3,177.79,13.55,48.8
5.91915,0.0,5.03,0,0.398,6.631,52.0,12.0416,6,458.0,19.8,40.73,9.72,50.0
16.76522,0.0,1.46,0,0.631,7.062,16.9,4.3647,3,579.0,15.1,6.63,35.26,32.2
1.91549,50.0,20.55,0,0.854,7.294,63.5,3.4435,24,625.0,20.2,244.69,33.19,29.2
1.67488,0.0,18.57,0,0.572,6.028,29.5,9.549,1,556.0,15.0,381.37,19.84,48.3
5.39264,0.0,13.41,0,0.404,5.352,50.3,3.9133,3,674.0,20.3,358.38,3.95,49.8
1.50024,0.0,23.49,1,0.4,5.991,10.9,10.6512,1,574.0,13.4,276.64,27.63,29.5
9.6125,0.0,22.44,0,0.574,6.462,47.5,2.2613,2,347.0,20.7,38.65,24.32,36.7
7.03742,0.0,16.43,0,0.463,5.605,32.7,2.5155,8,326.0,17.3,109.05,36.9,33.5
2.01728,0.0,24.15,0,0.396,5.61,82.8,11.9007,7,552.0,15.4,127.25,21.99,48.9
5.00322,0.0,6.08,0,0.753,6.521,8.4,8.5422,2,288.0,15.1,302.97,13.92,48.1
5.05668,50.0,3.51,0,0.608,6.246,43.5,10.4458,2,236.0,16.7,318.48,20.54,39.7
0.39182,25.0,7.82,0,0.526,6.303,47.4,4.6976,24,466.0,22.0,153.05,37.22,32.7
8.3824,0.0,2.02,0,0.822,5.749,73.3,8.5713,6,618.0,14.7,166.04,26.97,29.4
2.53335,0.0,14.95,0,0.441,6.119,58.7,7.6667,5,240.0,13.6,17.97,26.08,39.6
6.3048,0.0,26.01,0,0.85,5.633,67.7,7.7647,6,602.0,18.1,114.99,10.45,47.1
1.38865,0.0,1.53,0,0.538,6.903,78.4,8.6379,24,612.0,17.2,179.29,28.68,38.6
8.13165,0.0,3.79,0,0.817,7.005,86.6,7.459,7,440.0,17.5,46.71,28.92,37.8
1.77476,0.0,12.8,0,0.678,4.988,33.4,5.8497,24,217.0,18.9,180.08,13.23,40.3
0.03923,0.0,25.94,0,0.787,5.629,55.1,4.1651,4,278.0,15.1,338.67,19.26,49.0
8.48847,0.0,9.08,0,0.863,5.232,84.5,9.5844,2,558.0,21.2,230.86,12.41,30.9
0.34461,0.0,14.3,0,0.525,5.825,99.0,3.619,8,560.0,16.7,31.62,11.11,47.5
1.38475,0.0,1.59,0,0.852,6.222,89.3,8.7459,4,658.0,13.8,76.33,2.67,50.0
10.7891,75.0,4.51,0,0.574,5.265,39.0,3.6967,24,492.0,19.6,188.51,12.07,33.6
10.82862,25.0,27.38,0,0.572,5.635,21.9,8.0086,4,252.0,18.6,143.68,21.81,25.2
3.06719,0.0,26.79,0,0.55,5.577,50.4,9.3479,8,251.0,15.6,142.58,1.79,48.5
3.59723,50.0,0.59,0,0.648,6.425,74.9,3.5359,24,565.0,18.4,210.22,11.99,47.9
2.14205,0.0,26.43,0,0.46,6.329,50.7,1.7894,24,283.0,14.7,232.08,33.67,34.9
1.24928,50.0,17.9,0,0.654,5.775,49.8,2.5707,4,359.0,16.8,316.34,23.24,40.4
1.43455,25.0,24.14,0,0.648,6.404,84.3,7.796,1,442.0,21.1,135.54,23.76,39.1
4.01876,0.0,12.87,0,0.755,5.897,38.0,10.4739,3,200.0,13.9,319.75,16.35,44.2
5.02502,0.0,14.53,0,0.79,6.09,86.4,1.625,24,317.0,16.2,134.61,26.25,32.3
5.6455,0.0,13.8,0,0.599,7.451,42.4,9.2057,4,401.0,20.3,22.3,8.61,50.0
5.61179,0.0,18.65,0,0.532,7.218,34.8,4.8845,5,334.0,21.7,220.1,31.4,38.8
0.34429,0.0,4.27,0,0.511,5.37,47.0,6.3938,7,258.0,16.9,233.47,5.96,50.0
2.45538,0.0,1.28,0,0.48,6.861,76.9,11.3475,5,568.0,17.4,370.94,25.5,45.5
0.21341,0.0,8.86,0,0.413,6.848,15.1,4.7817,4,613.0,18.0,288.26,14.09,50.0
2.87086,25.0,19.68,0,0.551,5.476,22.0,6.2487,2,322.0,21.4,364.29,28.82,26.6
2.0972,100.0,5.97,0,0.516,6.853,95.3,1.2805,2,593.0,20.7,360.55,21.65,48.7
7.87183,0.0,18.83,0,0.855,7.357,19.9,2.0276,4,389.0,14.2,240.08,18.12,40.3
1.55589,0.0,26.92,0,0.656,5.494,58.0,3.9745,24,453.0,16.7,209.62,7.87,50.0
0.44822,0.0,3.02,0,0.554,5.638,59.2,1.4364,8,636.0,17.0,221.39,24.81,40.4
0.55551,0.0,18.81,0,0.667,6.992,50.4,8.0751,3,580.0,20.0,388.31,37.06,31.7
5.16035,50.0,12.57,0,0.453,6.47,65.5,5.8204,24,609.0,18.3,306.94,31.65,28.2
3.46646,0.0,24.14,0,0.601,6.666,25.2,7.1596,5,259.0,18.7,42.46,3.9,50.0
0.38379,0.0,5.29,0,0.689,6.518,56.6,3.0511,3,224.0,22.0,309.03,15.36,45.2
0.31628,0.0,19.35,0,0.623,6.553,39.0,4.3853,5,655.0,13.3,67.95,35.27,37.0
4.34595,0.0,23.32,0,0.58,5.351,67.1,8.4321,4,390.0,14.7,177.73,19.96,39.7
0.27197,0.0,26.23,1,0.868,7.013,16.6,11.7483,8,338.0,16.4,83.78,25.72,38.3
6.21067,25.0,19.1,1,0.813,7.099,58.3,1.6846,5,567.0,15.9,273.79,34.8,31.3
4.41,0.0,14.02,0,0.688,6.119,20.9,10.9242,8,625.0,12.8,348.24,33.4,31.5
0.30546,0.0,17.31,0,0.662,6.25,30.0,7.4757,24,639.0,13.5,115.47,19.92,43.9
0.31915,0.0,24.16,0,0.687,5.208,24.1,7.3331,4,353.0,19.0,32.84,17.59,40.4
15.53565,50.0,16.03,0,0.483,6.64,20.7,6.6331,7,634.0,20.9,118.7,14.04,45.8
1.68782,50.0,1.29,0,0.577,6.68,83.1,1.8933,2,208.0,17.4,266.97,27.79,41.8
1.667,0.0,25.86,0,0.404,6.236,30.6,2.1186,6,213.0,17.7,130.7,12.13,50.0
6.03207,0.0,19.27,0,0.616,7.067,92.9,7.74,8,514.0,15.0,110.61,10.79,50.0
10.59179,0.0,18.92,0,0.649,6.046,97.1,4.8805,7,220.0,19.8,73.46,14.64,39.8
15.36759,0.0,6.34,0,0.496,6.675,58.4,11.2199,7,357.0,19.7,197.63,8.15,50.0
5.03964,50.0,18.43,0,0.854,5.566,16.8,5.6025,8,540.0,18.1,109.76,26.92,35.9
1.69928,0.0,11.2,0,0.827,6.264,39.3,2.7061,7,364.0,14.6,290.22,24.06,41.2
0.3139,0.0,18.23,0,0.736,6.158,80.4,8.9919,5,281.0,13.5,30.71,19.23,36.2
5.40447,0.0,3.37,0,0.644,6.438,38.6,4.3569,7,334.0,13.2,263.66,15.88,49.1
2.9425,0.0,18.41,0,0.808,6.021,11.3,6.9102,3,427.0,18.2,94.53,34.67,26.0
1.98732,0.0,27.72,0,0.448,6.188,57.0,8.8062,5,436.0,20.4,194.36,2.79,50.0
8.52566,12.5,1.78,0,0.769,6.858,85.0,11.0329,7,597.0,20.7,113.78,29.6,30.3
0.42437,0.0,27.12,0,0.446,5.974,80.2,9.8441,24,580.0,17.0,286.96,34.42,30.9
2.44262,0.0,11.56,0,0.771,5.155,19.9,8.57,2,426.0,20.0,375.21,17.91,39.5
0.04111,0.0,24.21,0,0.519,7.505,68.2,8.606,4,630.0,21.5,364.01,21.69,50.0
2.27648,0.0,21.8,1,0.811,7.247,24.3,11.5352,7,247.0,15.2,231.7,35.96,35.7
0.20862,0.0,15.93,0,0.844,5.375,24.1,4.3841,1,321.0,16.3,183.78,9.42,50.0
0.45537,0.0,20.6,0,0.457,6.763,87.8,1.1422,2,621.0,21.4,324.84,20.58,40.9
0.45009,12.5,24.43,0,0.61,5.928,27.1,4.1215,24,385.0,15.8,271.31,18.93,42.4
3.77125,0.0,11.48,0,0.862,6.464,28.5,3.5268,7,701.0,21.2,73.12,11.09,42.0
4.93415,0.0,9.38,0,0.62,6.486,3.0,8.4102,7,431.0,21.8,325.88,31.4,37.4
3.15199,0.0,18.67,0,0.805,6.116,87.4,8.1008,6,602.0,18.8,170.41,34.33,26.8
11.78899,0.0,22.5,0,0.671,5.731,79.9,7.6581,3,398.0,20.3,75.27,30.07,27.6
1.69127,75.0,21.26,0,0.567,5.797,63.8,1.3087,3,410.0,19.6,112.08,8.81,50.0
1.21129,12.5,22.22,0,0.524,5.639,75.8,9.1466,2,388.0,19.2,106.42,4.87,48.6
7.30621,0.0,12.34,0,0.484,5.698,17.7,4.6888,6,564.0,15.5,206.23,23.67,35.8
0.9111,0.0,22.77,0,0.755,6.233,47.4,8.4456,4,474.0,13.1,93.27,3.8,50.0
11.89033,0.0,3.74,0,0.573,5.779,37.0,7.2524,5,682.0,15.8,49.32,26.11,30.8
0.04402,0.0,15.31,0,0.633,6.757,12.0,4.9,3,318.0,18.9,49.37,20.95,38.2
12.6091,0.0,0.62,0,0.624,7.321,50.1,2.6103,6,240.0,13.6,231.64,25.75,35.3
0.15883,0.0,9.31,0,0.666,5.874,92.3,2.1686,3,393.0,12.7,291.71,23.12,40.0
7.9838,0.0,10.46,0,0.806,6.448,6.8,10.2767,8,510.0,13.9,127.83,17.05,42.6
2.70052,0.0,11.27,0,0.862,6.63,31.2,11.2324,24,638.0,19.3,14.06,9.01,49.0
17.84458,25.0,19.43,0,0.583,6.61,23.1,8.2777,4,368.0,21.7,50.77,12.81,39.6
0.27598,0.0,11.06,0,0.787,6.333,26.0,2.2678,24,530.0,21.8,363.07,20.74,44.0
2.90559,0.0,12.7,0,0.757,6.8,91.1,5.5523,7,371.0,17.2,196.05,25.35,38.4
12.54087,12.5,6.94,1,0.664,6.618,48.3,9.1483,3,510.0,20.8,180.2,29.98,30.9
2.6656,0.0,10.64,0,0.85,5.414,48.2,9.708,7,651.0,19.5,15.41,29.53,25.9
3.57346,0.0,6.66,0,0.482,6.888,76.8,2.4304,1,308.0,17.3,289.28,36.98,39.8
4.28364,0.0,2.46,0,0.438,6.901,17.9,1.1303,3,399.0,18.0,209.74,12.09,50.0
2.18206,0.0,16.92,0,0.8,5.746,50.2,8.9635,6,707.0,13.9,80.46,4.31,50.0
3.55563,25.0,18.69,0,0.598,6.307,44.7,5.0526,4,642.0,21.4,43.97,14.26,50.0
3.16017,25.0,17.36,0,0.797,6.758,60.9,3.9293,7,483.0,15.9,152.36,28.67,36.9
8.33124,0.0,13.1,0,0.819,6.133,100.0,1.2719,3,458.0,16.8,332.32,17.61,40.0
0.16744,0.0,10.82,0,0.415,7.031,77.6,7.0733,1,336.0,18.9,343.48,31.37,33.2
1.18743,0.0,24.01,0,0.814,7.935,41.5,10.4927,24,458.0,15.7,239.4,21.64,49.6
10.81439,0.0,14.62,0,0.603,5.73,83.3,11.6639,6,631.0,15.0,288.85,35.43,25.8
7.95483,0.0,13.53,0,0.633,5.313,19.5,7.3532,8,546.0,18.5,45.99,36.08,25.5
2.18943,50.0,1.16,0,0.69,6.493,5.9,6.7891,3,339.0,12.8,233.56,4.24,50.0
3.48456,0.0,9.77,0,0.835,6.785,22.8,2.0656,8,293.0,19.4,264.83,18.27,40.2
1.16954,75.0,10.83,0,0.394,6.118,36.0,7.1676,2,326.0,17.4,79.92,23.83,47.3
0.75025,0.0,11.34,0,0.617,7.297,52.5,5.3098,4,276.0,18.3,349.37,11.0,50.0
2.24301,0.0,16.29,0,0.719,5.343,62.6,7.8085,3,237.0,18.5,77.65,16.48,35.6
1.56943,0.0,15.02,0,0.736,6.765,91.3,5.406,1,407.0,17.6,124.64,26.29,44.2
3.15448,50.0,17.04,0,0.722,5.856,52.4,3.7733,7,246.0,18.1,246.42,9.95,41.9
0.29132,12.5,21.33,0,0.45,7.484,51.6,2.1746,2,277.0,19.0,253.48,23.55,50.0
13.19386,25.0,22.64,0,0.531,7.675,7.8,4.5941,4,474.0,19.7,277.68,27.01,44.6
15.42192,0.0,20.05,0,0.559,5.743,6.3,2.1931,24,273.0,19.4,44.74,5.01,42.6
4.31231,0.0,26.53,0,0.776,5.895,56.4,3.0759,6,220.0,20.8,337.2,19.76,37.2
2.76508,25.0,0.96,0,0.52,6.882,45.4,11.9907,8,353.0,14.4,211.64,11.26,50.0
1.33337,0.0,5.8,1,0.487,6.009,84.4,6.0151,2,302.0,16.4,187.24,27.98,38.1
6.05127,0.0,0.67,0,0.85,6.248,18.5,6.9806,7,457.0,21.5,389.4,8.6,50.0
4.15559,0.0,18.12,1,0.389,6.298,5.3,10.7398,6,241.0,16.3,293.94,34.06,30.8
0.63891,100.0,24.96,0,0.87,4.936,46.5,12.0813,24,581.0,13.8,47.12,17.35,37.1
